<?xml version="1.0" encoding="UTF-8" standalone="yes"?>
<settingManager>
    <currentSetting>
        <mapping>
            <fileExtension>py</fileExtension>
            <fileName>main.py</fileName>
            <templateFile>main.template</templateFile>
            <templateType>Global</templateType>
        </mapping>
        <mapping>
            <fileExtension>py</fileExtension>
            <templateFile>python.template</templateFile>
            <templateType>Default</templateType>
        </mapping>
        <targetPath>C:\Users\hosoai\Desktop\targetFolder</targetPath>
        <templateID>PyCreate2</templateID>
        <templatePath>C:\Users\hosoai\.astah\plugins\m2t\templates\PyCreate</templatePath>
    </currentSetting>
    <m2tPluginFolderPath>C:\Users\hosoai/.astah/plugins/m2t/</m2tPluginFolderPath>
    <map>
        <entry>
            <key>Java</key>
            <value>
                <mapping>
                    <fileExtension>java</fileExtension>
                    <templateFile>java.template</templateFile>
                    <templateType>Default</templateType>
                </mapping>
                <mapping>
                    <fileExtension>java</fileExtension>
                    <stereotype>entity</stereotype>
                    <templateFile>entity.template</templateFile>
                    <templateType>Stereotype</templateType>
                </mapping>
                <targetPath></targetPath>
                <templateID>Java</templateID>
                <templatePath>C:\Users\hosoai\.astah\plugins\m2t\templates\Java</templatePath>
            </value>
        </entry>
        <entry>
            <key>RestWeb</key>
            <value>
                <mapping>
                    <fileExtension>#Controller.java</fileExtension>
                    <stereotype>REST</stereotype>
                    <templateFile>controller.template</templateFile>
                    <templateType>Stereotype</templateType>
                </mapping>
                <mapping>
                    <fileExtension>java</fileExtension>
                    <stereotype>REST</stereotype>
                    <templateFile>rest.template</templateFile>
                    <templateType>Stereotype</templateType>
                </mapping>
                <targetPath>C:\Users\hosoai\Desktop</targetPath>
                <templateID>RestWeb</templateID>
                <templatePath>C:\Users\hosoai\.astah\plugins\m2t\templates\RestWeb</templatePath>
            </value>
        </entry>
        <entry>
            <key>grsakura</key>
            <value>
                <mapping>
                    <fileExtension>cpp</fileExtension>
                    <templateFile>cpp.template</templateFile>
                    <templateType>Default</templateType>
                </mapping>
                <mapping>
                    <fileName>Sketch.cpp</fileName>
                    <templateFile>sketch.template</templateFile>
                    <templateType>Global</templateType>
                </mapping>
                <mapping>
                    <fileName>Events.h</fileName>
                    <templateFile>events.template</templateFile>
                    <templateType>Global</templateType>
                </mapping>
                <mapping>
                    <fileExtension>h</fileExtension>
                    <templateFile>header.template</templateFile>
                    <templateType>Default</templateType>
                </mapping>
                <targetPath>C:\Data\workspace\e2\sketch\arduino</targetPath>
                <templateEngine>Groovy</templateEngine>
                <templateID>grsakura</templateID>
                <templatePath>C:\Users\hosoai\.astah\plugins\m2t\templates\grsakura</templatePath>
            </value>
        </entry>
        <entry>
            <key>PHP_FSM</key>
            <value>
                <mapping>
                    <fileExtension>php</fileExtension>
                    <templateFile>fsm.template</templateFile>
                    <templateType>Default</templateType>
                </mapping>
                <targetPath>C:\Users\hosoai\Desktop\php_fsm_target</targetPath>
                <templateID>PHP_FSM</templateID>
                <templatePath>C:\Users\hosoai\.astah\plugins\m2t\templates\PHP_FSM</templatePath>
            </value>
        </entry>
        <entry>
            <key>PyCreate2</key>
            <value>
                <mapping>
                    <fileExtension>py</fileExtension>
                    <fileName>main.py</fileName>
                    <templateFile>main.template</templateFile>
                    <templateType>Global</templateType>
                </mapping>
                <mapping>
                    <fileExtension>py</fileExtension>
                    <templateFile>python.template</templateFile>
                    <templateType>Default</templateType>
                </mapping>
                <targetPath>C:\Users\hosoai\Desktop\targetFolder</targetPath>
                <templateID>PyCreate2</templateID>
                <templatePath>C:\Users\hosoai\.astah\plugins\m2t\templates\PyCreate</templatePath>
            </value>
        </entry>
        <entry>
            <key>PyCreate</key>
            <value>
                <mapping>
                    <fileExtension>py</fileExtension>
                    <templateFile>main.template</templateFile>
                    <templateType>Default</templateType>
                </mapping>
                <targetPath>C:\Users\hosoai\Desktop\PyCreate</targetPath>
                <templateID>PyCreate</templateID>
                <templatePath>C:\Users\hosoai\.astah\plugins\m2t\templates\PyCreate</templatePath>
            </value>
        </entry>
    </map>
    <settingFilePath>C:\Users\hosoai/.astah/plugins/m2t/m2tsetting.xml</settingFilePath>
    <sshSettings>
        <entry>
            <key xmlns:xsi="http://www.w3.org/2001/XMLSchema-instance" xmlns:xs="http://www.w3.org/2001/XMLSchema" xsi:type="xs:string">main</key>
            <value xmlns:xsi="http://www.w3.org/2001/XMLSchema-instance" xmlns:xs="http://www.w3.org/2001/XMLSchema" xsi:type="xs:string">main.py</value>
        </entry>
        <entry>
            <key xmlns:xsi="http://www.w3.org/2001/XMLSchema-instance" xmlns:xs="http://www.w3.org/2001/XMLSchema" xsi:type="xs:string">dest</key>
            <value xmlns:xsi="http://www.w3.org/2001/XMLSchema-instance" xmlns:xs="http://www.w3.org/2001/XMLSchema" xsi:type="xs:string">sample</value>
        </entry>
        <entry>
            <key xmlns:xsi="http://www.w3.org/2001/XMLSchema-instance" xmlns:xs="http://www.w3.org/2001/XMLSchema" xsi:type="xs:string">host</key>
            <value xmlns:xsi="http://www.w3.org/2001/XMLSchema-instance" xmlns:xs="http://www.w3.org/2001/XMLSchema" xsi:type="xs:string">192.168.1.2</value>
        </entry>
    </sshSettings>
</settingManager>
